File,Artist,Title,BPM,Key,Camelot
clarinet_A3_1_forte_normal.mp3,,clarinet mono-569,99,A major,11B
clarinet_A3_1_fortissimo_normal.mp3,,clarinet mono-943,96,A major,11B
clarinet_A3_1_pianissimo_normal.mp3,,clarinet mono-109,85,A minor,8A
clarinet_A3_1_piano_normal.mp3,,clarinet mono-345,153,A major,11B
clarinet_A3_05_forte_normal.mp3,,clarinet mono-568,107,A major,11B
clarinet_A3_05_fortissimo_normal.mp3,,clarinet mono-942,107,A major,11B
clarinet_A3_05_pianissimo_normal.mp3,,clarinet mono-108,80,A major,11B
clarinet_A3_05_piano_normal.mp3,,clarinet mono-344,82,A minor,8A
clarinet_A3_15_forte_normal.mp3,,clarinet mono-570,96,A major,11B
clarinet_A3_15_fortissimo_normal.mp3,,clarinet mono-944,99,A minor,8A
clarinet_A3_15_pianissimo_normal.mp3,,clarinet mono-110,107,A major,11B
clarinet_A3_15_piano_normal.mp3,,clarinet mono-346,104,A major,11B
clarinet_A3_025_forte_normal.mp3,,clarinet mono-567,115,A major,11B
clarinet_A3_025_fortissimo_normal.mp3,,clarinet mono-941,78,A major,11B
clarinet_A3_025_pianissimo_normal.mp3,,clarinet mono-107,88,A minor,8A
clarinet_A3_025_piano_normal.mp3,,clarinet mono-343,115,D major,10B
clarinet_A3_phrase_mezzo-forte_fluttertonguing.mp3,,clarinet mono-1308,88,F major,7B
clarinet_A3_phrase_mezzo-forte_nonlegato.mp3,,clarinet mono-1226,83,D minor,7A
clarinet_A3_phrase_mezzo-forte_staccatissimo.mp3,,clarinet mono-1698,90,A minor,8A
clarinet_A3_phrase_mezzo-forte_staccato.mp3,,clarinet mono-1636,87,A minor,8A
clarinet_A3_phrase_mezzo-forte_tongued-slur.mp3,,clarinet mono-1160,78,D minor,7A
clarinet_A4_1_forte_normal.mp3,,clarinet mono-619,107,A minor,8A
clarinet_A4_1_fortissimo_normal.mp3,,clarinet mono-991,94,A major,11B
clarinet_A4_1_pianissimo_normal.mp3,,clarinet mono-160,107,A major,11B
clarinet_A4_1_piano_normal.mp3,,clarinet mono-395,107,A minor,8A
clarinet_A4_05_forte_normal.mp3,,clarinet mono-618,101,A major,11B
clarinet_A4_05_fortissimo_normal.mp3,,clarinet mono-990,91,A minor,8A
clarinet_A4_05_pianissimo_normal.mp3,,clarinet mono-159,150,A minor,8A
clarinet_A4_05_piano_normal.mp3,,clarinet mono-394,78,A major,11B
clarinet_A4_15_forte_normal.mp3,,clarinet mono-620,96,A minor,8A
clarinet_A4_15_fortissimo_normal.mp3,,clarinet mono-992,101,A minor,8A
clarinet_A4_15_pianissimo_normal.mp3,,clarinet mono-161,101,A minor,8A
clarinet_A4_15_piano_normal.mp3,,clarinet mono-396,96,A major,11B
clarinet_A4_025_forte_normal.mp3,,clarinet mono-617,115,A minor,8A
clarinet_A4_025_fortissimo_normal.mp3,,clarinet mono-989,82,A minor,8A
clarinet_A4_025_pianissimo_normal.mp3,,clarinet mono-158,104,A minor,8A
clarinet_A4_025_piano_normal.mp3,,clarinet mono-393,109,A minor,8A
clarinet_A4_phrase_mezzo-forte_fluttertonguing.mp3,,clarinet mono-1317,87,E minor,9A
clarinet_A4_phrase_mezzo-forte_nonlegato.mp3,,clarinet mono-1229,85,A major,11B
clarinet_A4_phrase_mezzo-forte_staccatissimo.mp3,,clarinet mono-1704,91,A minor,8A
clarinet_A4_phrase_mezzo-forte_staccato.mp3,,clarinet mono-1642,88,A major,11B
clarinet_A4_phrase_mezzo-forte_tongued-slur.mp3,,clarinet mono-1166,86,A minor,8A
clarinet_A5_1_forte_normal.mp3,,clarinet mono-681,107,A major,11B
clarinet_A5_1_fortissimo_normal.mp3,,clarinet mono-1035,96,C# minor,
clarinet_A5_1_pianissimo_normal.mp3,,clarinet mono-209,91,D major,10B
clarinet_A5_1_piano_normal.mp3,,clarinet mono-445,101,A minor,8A
clarinet_A5_05_forte_normal.mp3,,clarinet mono-680,107,A minor,8A
clarinet_A5_05_fortissimo_normal.mp3,,clarinet mono-1034,82,C# minor,
clarinet_A5_05_pianissimo_normal.mp3,,clarinet mono-208,91,B minor,10A
clarinet_A5_05_piano_normal.mp3,,clarinet mono-444,107,A minor,8A
clarinet_A5_15_forte_normal.mp3,,clarinet mono-682,99,A minor,8A
clarinet_A5_15_fortissimo_normal.mp3,,clarinet mono-1036,91,A minor,8A
clarinet_A5_15_pianissimo_normal.mp3,,clarinet mono-210,107,A minor,8A
clarinet_A5_15_piano_normal.mp3,,clarinet mono-446,107,D minor,7A
clarinet_A5_025_forte_normal.mp3,,clarinet mono-679,83,F major,7B
clarinet_A5_025_fortissimo_normal.mp3,,clarinet mono-1033,99,F# minor,
clarinet_A5_025_pianissimo_normal.mp3,,clarinet mono-207,115,A major,11B
clarinet_A5_025_piano_normal.mp3,,clarinet mono-443,127,D major,10B
clarinet_A6_1_forte_normal.mp3,,clarinet mono-729,101,A major,11B
clarinet_A6_1_fortissimo_normal.mp3,,clarinet mono-1096,94,D major,10B
clarinet_A6_1_pianissimo_normal.mp3,,clarinet mono-266,89,A major,11B
clarinet_A6_1_piano_normal.mp3,,clarinet mono-494,94,C# minor,
clarinet_A6_05_forte_normal.mp3,,clarinet mono-728,99,A minor,8A
clarinet_A6_05_fortissimo_normal.mp3,,clarinet mono-1095,153,A major,11B
clarinet_A6_05_pianissimo_normal.mp3,,clarinet mono-265,83,D minor,7A
clarinet_A6_05_piano_normal.mp3,,clarinet mono-493,83,D major,10B
clarinet_A6_15_forte_normal.mp3,,clarinet mono-730,94,A major,11B
clarinet_A6_15_fortissimo_normal.mp3,,clarinet mono-1097,101,A major,11B
clarinet_A6_15_pianissimo_normal.mp3,,clarinet mono-267,96,D major,10B
clarinet_A6_15_piano_normal.mp3,,clarinet mono-495,91,A major,11B
clarinet_A6_025_forte_normal.mp3,,clarinet mono-727,153,A major,11B
clarinet_A6_025_fortissimo_normal.mp3,,clarinet mono-1094,80,B minor,10A
clarinet_A6_025_pianissimo_normal.mp3,,clarinet mono-264,112,F# minor,
clarinet_A6_025_piano_normal.mp3,,clarinet mono-492,136,C# minor,
clarinet_As3_1_forte_normal.mp3,,clarinet mono-573,107,B♭ major,6B
clarinet_As3_1_fortissimo_normal.mp3,,clarinet mono-947,107,B♭ major,6B
clarinet_As3_1_pianissimo_normal.mp3,,clarinet mono-113,94,B♭ major,6B
clarinet_As3_1_piano_normal.mp3,,clarinet mono-349,101,B♭ major,6B
clarinet_As3_05_forte_normal.mp3,,clarinet mono-572,94,B♭ major,6B
clarinet_As3_05_fortissimo_normal.mp3,,clarinet mono-946,87,B♭ major,6B
clarinet_As3_05_pianissimo_normal.mp3,,clarinet mono-112,104,B♭ major,6B
clarinet_As3_05_piano_normal.mp3,,clarinet mono-348,101,B♭ major,6B
clarinet_As3_15_forte_normal.mp3,,clarinet mono-574,80,B♭ major,6B
clarinet_As3_15_fortissimo_normal.mp3,,clarinet mono-948,91,B♭ major,6B
clarinet_As3_15_pianissimo_normal.mp3,,clarinet mono-114,89,B♭ major,6B
clarinet_As3_15_piano_normal.mp3,,clarinet mono-350,104,B♭ major,6B
clarinet_As3_025_forte_normal.mp3,,clarinet mono-571,125,B♭ major,6B
clarinet_As3_025_fortissimo_normal.mp3,,clarinet mono-945,147,B♭ major,6B
clarinet_As3_025_pianissimo_normal.mp3,,clarinet mono-111,96,B♭ minor,3A
clarinet_As3_025_piano_normal.mp3,,clarinet mono-347,104,B♭ minor,3A
clarinet_As4_1_forte_normal.mp3,,clarinet mono-623,91,B♭ major,6B
clarinet_As4_1_fortissimo_normal.mp3,,clarinet mono-995,107,B♭ minor,3A
clarinet_As4_1_pianissimo_normal.mp3,,clarinet mono-164,123,B♭ minor,3A
clarinet_As4_1_piano_normal.mp3,,clarinet mono-399,96,D minor,7A
clarinet_As4_05_forte_normal.mp3,,clarinet mono-622,89,B♭ major,6B
clarinet_As4_05_fortissimo_normal.mp3,,clarinet mono-994,99,B♭ major,6B
clarinet_As4_05_pianissimo_normal.mp3,,clarinet mono-163,104,B♭ minor,3A
clarinet_As4_05_piano_normal.mp3,,clarinet mono-398,107,B♭ minor,3A
clarinet_As4_15_forte_normal.mp3,,clarinet mono-624,107,B♭ minor,3A
clarinet_As4_15_fortissimo_normal.mp3,,clarinet mono-996,91,B♭ minor,3A
clarinet_As4_15_pianissimo_normal.mp3,,clarinet mono-165,150,B♭ minor,3A
clarinet_As4_15_piano_normal.mp3,,clarinet mono-400,101,B♭ major,6B
clarinet_As4_025_forte_normal.mp3,,clarinet mono-621,144,D minor,7A
clarinet_As4_025_fortissimo_normal.mp3,,clarinet mono-993,85,B♭ major,6B
clarinet_As4_025_pianissimo_normal.mp3,,clarinet mono-162,107,B♭ minor,3A
clarinet_As4_025_piano_normal.mp3,,clarinet mono-397,142,B♭ major,6B
clarinet_As4_phrase_mezzo-forte_normal.mp3,,Audio 1_03-01,121,B♭ minor,3A
clarinet_As5_1_forte_normal.mp3,,clarinet mono-685,107,B♭ minor,3A
clarinet_As5_1_fortissimo_normal.mp3,,clarinet mono-1039,104,A minor,8A
clarinet_As5_1_pianissimo_normal.mp3,,clarinet mono-213,104,B♭ minor,3A
clarinet_As5_1_piano_normal.mp3,,clarinet mono-449,107,B♭ minor,3A
clarinet_As5_05_forte_normal.mp3,,clarinet mono-684,85,B minor,10A
clarinet_As5_05_fortissimo_normal.mp3,,clarinet mono-1038,91,A minor,8A
clarinet_As5_05_pianissimo_normal.mp3,,clarinet mono-212,96,E♭ minor,2A
clarinet_As5_05_piano_normal.mp3,,clarinet mono-448,83,B♭ minor,3A
clarinet_As5_15_forte_normal.mp3,,clarinet mono-686,101,B♭ major,6B
clarinet_As5_15_fortissimo_normal.mp3,,clarinet mono-1040,104,A major,11B
clarinet_As5_15_pianissimo_normal.mp3,,clarinet mono-214,91,B♭ minor,3A
clarinet_As5_15_piano_normal.mp3,,clarinet mono-450,104,B♭ minor,3A
clarinet_As5_025_forte_normal.mp3,,clarinet mono-683,83,B♭ major,6B
clarinet_As5_025_fortissimo_normal.mp3,,clarinet mono-1037,94,D minor,7A
clarinet_As5_025_pianissimo_normal.mp3,,clarinet mono-211,100,B♭ minor,3A
clarinet_As5_025_piano_normal.mp3,,clarinet mono-447,119,D minor,7A
clarinet_As5_very-long_cresc-decresc_normal.mp3,,clarinet mono-1450,109,D minor,7A
clarinet_As6_1_forte_normal.mp3,,clarinet mono-794,80,E♭ minor,2A
clarinet_As6_1_fortissimo_normal.mp3,,clarinet mono-1100,104,D minor,7A
clarinet_As6_1_pianissimo_normal.mp3,,clarinet mono-270,104,C# minor,
clarinet_As6_1_piano_normal.mp3,,clarinet mono-498,107,D minor,7A
clarinet_As6_05_forte_normal.mp3,,clarinet mono-793,89,A major,11B
clarinet_As6_05_fortissimo_normal.mp3,,clarinet mono-1099,144,C# minor,
clarinet_As6_05_pianissimo_normal.mp3,,clarinet mono-269,107,C# minor,
clarinet_As6_05_piano_normal.mp3,,clarinet mono-497,101,A major,11B
clarinet_As6_15_forte_normal.mp3,,clarinet mono-795,101,A minor,8A
clarinet_As6_15_fortissimo_normal.mp3,,clarinet mono-1101,107,A minor,8A
clarinet_As6_15_pianissimo_normal.mp3,,clarinet mono-271,101,D minor,7A
clarinet_As6_15_piano_normal.mp3,,clarinet mono-499,89,C# minor,
clarinet_As6_025_forte_normal.mp3,,clarinet mono-792,104,B minor,10A
clarinet_As6_025_fortissimo_normal.mp3,,clarinet mono-1098,99,C# minor,
clarinet_As6_025_pianissimo_normal.mp3,,clarinet mono-268,96,D major,10B
clarinet_As6_025_piano_normal.mp3,,clarinet mono-496,150,D major,10B
clarinet_B3_1_forte_normal.mp3,,clarinet mono-577,96,B minor,10A
clarinet_B3_1_fortissimo_normal.mp3,,clarinet mono-951,107,B major,1B
clarinet_B3_1_pianissimo_normal.mp3,,clarinet mono-117,107,B minor,10A
clarinet_B3_1_piano_normal.mp3,,clarinet mono-353,107,B major,1B
clarinet_B3_05_forte_normal.mp3,,clarinet mono-576,101,B minor,10A
clarinet_B3_05_fortissimo_normal.mp3,,clarinet mono-950,107,B minor,10A
clarinet_B3_05_pianissimo_normal.mp3,,clarinet mono-116,107,B minor,10A
clarinet_B3_05_piano_normal.mp3,,clarinet mono-352,107,B major,1B
clarinet_B3_15_forte_normal.mp3,,clarinet mono-578,104,B minor,10A
clarinet_B3_15_fortissimo_normal.mp3,,clarinet mono-952,107,B minor,10A
clarinet_B3_15_pianissimo_normal.mp3,,clarinet mono-118,107,B minor,10A
clarinet_B3_15_piano_normal.mp3,,clarinet mono-354,87,B major,1B
clarinet_B3_025_forte_normal.mp3,,clarinet mono-575,123,D major,10B
clarinet_B3_025_fortissimo_normal.mp3,,clarinet mono-949,83,B minor,10A
clarinet_B3_025_pianissimo_normal.mp3,,clarinet mono-115,89,B minor,10A
clarinet_B3_025_piano_normal.mp3,,clarinet mono-351,103,B major,1B
clarinet_B3_long_mezzo-forte_major-trill.mp3,,clarinet mono-1577,78,B major,1B
clarinet_B3_long_mezzo-forte_minor-trill.mp3,,clarinet mono-1576,114,B minor,10A
clarinet_B3_very-long_cresc-decresc_normal.mp3,,clarinet mono-1366,128,B minor,10A
clarinet_B4_1_forte_normal.mp3,,clarinet mono-627,80,B minor,10A
clarinet_B4_1_fortissimo_normal.mp3,,clarinet mono-1000,101,B minor,10A
clarinet_B4_1_pianissimo_normal.mp3,,clarinet mono-168,134,B minor,10A
clarinet_B4_1_piano_normal.mp3,,clarinet mono-403,96,B minor,10A
clarinet_B4_05_forte_normal.mp3,,clarinet mono-626,89,B minor,10A
clarinet_B4_05_fortissimo_normal.mp3,,clarinet mono-999,78,B minor,10A
clarinet_B4_05_pianissimo_normal.mp3,,clarinet mono-167,127,B minor,10A
clarinet_B4_05_piano_normal.mp3,,clarinet mono-402,107,A major,11B
clarinet_B4_15_forte_normal.mp3,,clarinet mono-628,96,B minor,10A
clarinet_B4_15_pianissimo_normal.mp3,,clarinet mono-169,136,B minor,10A
clarinet_B4_15_piano_normal.mp3,,clarinet mono-404,150,B minor,10A
clarinet_B4_025_forte_normal.mp3,,clarinet mono-625,80,D minor,7A
clarinet_B4_025_fortissimo_normal.mp3,,clarinet mono-998,107,B minor,10A
clarinet_B4_025_pianissimo_normal.mp3,,clarinet mono-166,87,B minor,10A
clarinet_B4_025_piano_normal.mp3,,clarinet mono-401,83,B minor,10A
clarinet_B4_long_mezzo-forte_major-trill.mp3,,clarinet mono-1586,89,C# minor,
clarinet_B4_long_mezzo-forte_minor-trill.mp3,,clarinet mono-1585,85,B minor,10A
clarinet_B4_phrase_forte_normal.mp3,,Audio 1_02,95,F major,7B
clarinet_B4_phrase_mezzo-forte_fluttertonguing.mp3,,clarinet mono-1319,93,E major,12B
clarinet_B4_phrase_mezzo-forte_nonlegato.mp3,,clarinet mono-1230,87,A minor,8A
clarinet_B4_phrase_mezzo-forte_normal.mp3,,Audio 1_05,114,A major,11B
clarinet_B4_phrase_mezzo-forte_staccatissimo.mp3,,clarinet mono-1680,89,A major,11B
clarinet_B4_phrase_mezzo-forte_staccato.mp3,,clarinet mono-1644,89,A major,11B
clarinet_B4_phrase_mezzo-forte_tongued-slur.mp3,,clarinet mono-1167,112,A major,11B
clarinet_B4_very-long_cresc-decresc_normal.mp3,,clarinet mono-1387,100,B minor,10A
clarinet_B5_1_forte_normal.mp3,,clarinet mono-689,107,A major,11B
clarinet_B5_1_fortissimo_normal.mp3,,clarinet mono-1052,104,B♭ major,6B
clarinet_B5_1_pianissimo_normal.mp3,,clarinet mono-217,94,B minor,10A
clarinet_B5_1_piano_normal.mp3,,clarinet mono-453,101,B minor,10A
clarinet_B5_05_forte_normal.mp3,,clarinet mono-688,96,D minor,7A
clarinet_B5_05_fortissimo_normal.mp3,,clarinet mono-1051,107,A minor,8A
clarinet_B5_05_pianissimo_normal.mp3,,clarinet mono-216,80,G major,9B
clarinet_B5_05_piano_normal.mp3,,clarinet mono-452,107,C major,8B
clarinet_B5_15_forte_normal.mp3,,clarinet mono-690,104,B minor,10A
clarinet_B5_15_fortissimo_normal.mp3,,clarinet mono-1053,107,B minor,10A
clarinet_B5_15_pianissimo_normal.mp3,,clarinet mono-218,125,B minor,10A
clarinet_B5_15_piano_normal.mp3,,clarinet mono-454,139,D major,10B
clarinet_B5_025_forte_normal.mp3,,clarinet mono-687,107,A minor,8A
clarinet_B5_025_fortissimo_normal.mp3,,clarinet mono-1050,99,B♭ minor,3A
clarinet_B5_025_pianissimo_normal.mp3,,clarinet mono-215,91,G major,9B
clarinet_B5_025_piano_normal.mp3,,clarinet mono-451,123,B major,1B
clarinet_B5_long_mezzo-forte_major-trill.mp3,,clarinet mono-1594,136,A major,11B
clarinet_B5_long_mezzo-forte_minor-trill.mp3,,clarinet mono-1593,112,A minor,8A
clarinet_B5_phrase_mezzo-forte_nonlegato.mp3,,clarinet mono-1174,85,D minor,7A
clarinet_B5_phrase_mezzo-forte_staccatissimo.mp3,,clarinet mono-1690,90,A major,11B
clarinet_B5_phrase_mezzo-forte_staccato.mp3,,clarinet mono-1652,91,D minor,7A
clarinet_B5_very-long_cresc-decresc_normal.mp3,,clarinet mono-1399,100,B minor,10A
clarinet_B6_1_forte_normal.mp3,,clarinet mono-798,101,D major,10B
clarinet_B6_1_fortissimo_normal.mp3,,clarinet mono-1104,142,D major,10B
clarinet_B6_1_pianissimo_normal.mp3,,clarinet mono-274,89,A major,11B
clarinet_B6_1_piano_normal.mp3,,clarinet mono-502,96,C# minor,
clarinet_B6_05_forte_normal.mp3,,clarinet mono-797,87,A minor,8A
clarinet_B6_05_fortissimo_normal.mp3,,clarinet mono-1103,142,A major,11B
clarinet_B6_05_pianissimo_normal.mp3,,clarinet mono-273,99,A major,11B
clarinet_B6_05_piano_normal.mp3,,clarinet mono-501,153,D minor,7A
clarinet_B6_15_forte_normal.mp3,,clarinet mono-799,96,A major,11B
clarinet_B6_15_fortissimo_normal.mp3,,clarinet mono-1105,99,C# minor,
clarinet_B6_15_pianissimo_normal.mp3,,clarinet mono-275,104,D major,10B
clarinet_B6_15_piano_normal.mp3,,clarinet mono-503,104,A major,11B
clarinet_B6_025_forte_normal.mp3,,clarinet mono-796,125,C# minor,
clarinet_B6_025_fortissimo_normal.mp3,,clarinet mono-1102,80,D major,10B
clarinet_B6_025_pianissimo_normal.mp3,,clarinet mono-272,127,C# minor,
clarinet_B6_025_piano_normal.mp3,,clarinet mono-500,129,C# minor,
clarinet_C4_1_forte_normal.mp3,,clarinet mono-581,101,C major,8B
clarinet_C4_1_fortissimo_normal.mp3,,clarinet mono-955,94,C major,8B
clarinet_C4_1_pianissimo_normal.mp3,,clarinet mono-121,101,C major,8B
clarinet_C4_1_piano_normal.mp3,,clarinet mono-357,147,C minor,5A
clarinet_C4_05_forte_normal.mp3,,clarinet mono-580,96,C major,8B
clarinet_C4_05_fortissimo_normal.mp3,,clarinet mono-954,78,C major,8B
clarinet_C4_05_pianissimo_normal.mp3,,clarinet mono-120,94,C minor,5A
clarinet_C4_05_piano_normal.mp3,,clarinet mono-356,107,C major,8B
clarinet_C4_15_forte_normal.mp3,,clarinet mono-582,107,C major,8B
clarinet_C4_15_fortissimo_normal.mp3,,clarinet mono-956,101,C major,8B
clarinet_C4_15_pianissimo_normal.mp3,,clarinet mono-122,107,C major,8B
clarinet_C4_15_piano_normal.mp3,,clarinet mono-358,101,C major,8B
clarinet_C4_025_forte_normal.mp3,,clarinet mono-579,121,C major,8B
clarinet_C4_025_fortissimo_normal.mp3,,clarinet mono-953,150,C minor,5A
clarinet_C4_025_pianissimo_normal.mp3,,clarinet mono-119,107,C major,8B
clarinet_C4_025_piano_normal.mp3,,clarinet mono-355,97,C minor,5A
clarinet_C5_1_forte_normal.mp3,,clarinet mono-631,99,A minor,8A
clarinet_C5_1_pianissimo_normal.mp3,,clarinet mono-172,107,C major,8B
clarinet_C5_1_piano_normal.mp3,,clarinet mono-407,85,C major,8B
clarinet_C5_05_forte_normal.mp3,,clarinet mono-630,83,A minor,8A
clarinet_C5_05_fortissimo_normal.mp3,,clarinet mono-1002,104,C major,8B
clarinet_C5_05_pianissimo_normal.mp3,,clarinet mono-171,104,D minor,7A
clarinet_C5_05_piano_normal.mp3,,clarinet mono-406,107,C major,8B
clarinet_C5_15_forte_normal.mp3,,clarinet mono-632,101,C major,8B
clarinet_C5_15_pianissimo_normal.mp3,,clarinet mono-173,104,C major,8B
clarinet_C5_15_piano_normal.mp3,,clarinet mono-408,107,D minor,7A
clarinet_C5_025_forte_normal.mp3,,clarinet mono-629,134,G minor,6A
clarinet_C5_025_fortissimo_normal.mp3,,clarinet mono-1001,147,C major,8B
clarinet_C5_025_pianissimo_normal.mp3,,clarinet mono-170,101,C minor,5A
clarinet_C5_025_piano_normal.mp3,,clarinet mono-405,134,A minor,8A
clarinet_C5_phrase_mezzo-forte_normal.mp3,,Audio 1_04,96,A minor,8A
clarinet_C6_1_forte_normal.mp3,,clarinet mono-693,107,A minor,8A
clarinet_C6_1_fortissimo_normal.mp3,,clarinet mono-1056,101,A minor,8A
clarinet_C6_1_pianissimo_normal.mp3,,clarinet mono-221,123,C major,8B
clarinet_C6_1_piano_normal.mp3,,clarinet mono-457,96,D major,10B
clarinet_C6_05_forte_normal.mp3,,clarinet mono-692,104,A minor,8A
clarinet_C6_05_fortissimo_normal.mp3,,clarinet mono-1055,91,A minor,8A
clarinet_C6_05_pianissimo_normal.mp3,,clarinet mono-220,94,E minor,9A
clarinet_C6_05_piano_normal.mp3,,clarinet mono-456,83,D minor,7A
clarinet_C6_15_forte_normal.mp3,,clarinet mono-694,104,F major,7B
clarinet_C6_15_fortissimo_normal.mp3,,clarinet mono-1057,107,A major,11B
clarinet_C6_15_pianissimo_normal.mp3,,clarinet mono-222,87,C major,8B
clarinet_C6_15_piano_normal.mp3,,clarinet mono-458,106,C major,8B
clarinet_C6_025_forte_normal.mp3,,clarinet mono-691,91,B major,1B
clarinet_C6_025_fortissimo_normal.mp3,,clarinet mono-1054,99,A minor,8A
clarinet_C6_025_pianissimo_normal.mp3,,clarinet mono-219,119,C# minor,
clarinet_C6_025_piano_normal.mp3,,clarinet mono-455,91,D minor,7A
clarinet_C6_phrase_mezzo-forte_staccatissimo.mp3,,clarinet mono-1712,95,D minor,7A
clarinet_C7_1_forte_normal.mp3,,clarinet mono-806,134,A major,11B
clarinet_C7_1_fortissimo_normal.mp3,,clarinet mono-1112,96,A major,11B
clarinet_C7_1_pianissimo_normal.mp3,,clarinet mono-278,115,A major,11B
clarinet_C7_1_piano_normal.mp3,,clarinet mono-506,107,D minor,7A
clarinet_C7_05_forte_normal.mp3,,clarinet mono-805,104,A minor,8A
clarinet_C7_05_fortissimo_normal.mp3,,clarinet mono-1107,104,C# minor,
clarinet_C7_05_pianissimo_normal.mp3,,clarinet mono-277,89,C# minor,
clarinet_C7_05_piano_normal.mp3,,clarinet mono-505,94,B minor,10A
clarinet_C7_15_forte_normal.mp3,,clarinet mono-803,104,A major,11B
clarinet_C7_15_fortissimo_normal.mp3,,clarinet mono-1109,94,A major,11B
clarinet_C7_15_pianissimo_normal.mp3,,clarinet mono-279,147,D minor,7A
clarinet_C7_15_piano_normal.mp3,,clarinet mono-507,95,F major,7B
clarinet_C7_025_forte_normal.mp3,,clarinet mono-800,87,A minor,8A
clarinet_C7_025_fortissimo_normal.mp3,,clarinet mono-1106,153,B minor,10A
clarinet_C7_025_pianissimo_normal.mp3,,clarinet mono-276,78,D major,10B
clarinet_C7_025_piano_normal.mp3,,clarinet mono-504,142,D minor,7A
clarinet_Cs4_1_forte_normal.mp3,,clarinet mono-585,104,C# minor,
clarinet_Cs4_1_fortissimo_normal.mp3,,clarinet mono-959,107,C# minor,
clarinet_Cs4_1_pianissimo_normal.mp3,,clarinet mono-125,104,C# minor,
clarinet_Cs4_1_piano_normal.mp3,,clarinet mono-361,101,C# minor,
clarinet_Cs4_05_forte_normal.mp3,,clarinet mono-584,104,C# minor,
clarinet_Cs4_05_fortissimo_normal.mp3,,clarinet mono-958,96,C# major,
clarinet_Cs4_05_pianissimo_normal.mp3,,clarinet mono-124,99,C# major,
clarinet_Cs4_05_piano_normal.mp3,,clarinet mono-360,99,C# minor,
clarinet_Cs4_15_forte_normal.mp3,,clarinet mono-586,107,C# minor,
clarinet_Cs4_15_fortissimo_normal.mp3,,clarinet mono-960,104,C# minor,
clarinet_Cs4_15_pianissimo_normal.mp3,,clarinet mono-126,104,C# minor,
clarinet_Cs4_15_piano_normal.mp3,,clarinet mono-362,99,C# minor,
clarinet_Cs4_025_forte_normal.mp3,,clarinet mono-583,147,C# minor,
clarinet_Cs4_025_fortissimo_normal.mp3,,clarinet mono-957,87,A major,11B
clarinet_Cs4_025_pianissimo_normal.mp3,,clarinet mono-123,101,C# major,
clarinet_Cs4_025_piano_normal.mp3,,clarinet mono-359,112,C# minor,
clarinet_Cs5_1_forte_normal.mp3,,clarinet mono-635,150,A major,11B
clarinet_Cs5_1_fortissimo_normal.mp3,,clarinet mono-1003,107,C major,8B
clarinet_Cs5_1_pianissimo_normal.mp3,,clarinet mono-176,80,C# minor,
clarinet_Cs5_1_piano_normal.mp3,,clarinet mono-411,147,C# minor,
clarinet_Cs5_05_forte_normal.mp3,,clarinet mono-634,107,C# minor,
clarinet_Cs5_05_pianissimo_normal.mp3,,clarinet mono-175,104,C# minor,
clarinet_Cs5_05_piano_normal.mp3,,clarinet mono-410,150,C# minor,
clarinet_Cs5_15_forte_normal.mp3,,clarinet mono-636,107,C# minor,
clarinet_Cs5_15_fortissimo_normal.mp3,,clarinet mono-1004,99,C major,8B
clarinet_Cs5_15_pianissimo_normal.mp3,,clarinet mono-177,78,C# minor,
clarinet_Cs5_15_piano_normal.mp3,,clarinet mono-412,104,C# minor,
clarinet_Cs5_025_forte_normal.mp3,,clarinet mono-633,127,C# minor,
clarinet_Cs5_025_pianissimo_normal.mp3,,clarinet mono-174,104,B minor,10A
clarinet_Cs5_025_piano_normal.mp3,,clarinet mono-409,147,C# minor,
clarinet_Cs6_1_forte_normal.mp3,,clarinet mono-697,104,C# minor,
clarinet_Cs6_1_fortissimo_normal.mp3,,clarinet mono-1064,107,C major,8B
clarinet_Cs6_1_pianissimo_normal.mp3,,clarinet mono-225,107,C# minor,
clarinet_Cs6_1_piano_normal.mp3,,clarinet mono-461,104,C# minor,
clarinet_Cs6_05_forte_normal.mp3,,clarinet mono-696,83,A major,11B
clarinet_Cs6_05_fortissimo_normal.mp3,,clarinet mono-1063,107,A minor,8A
clarinet_Cs6_05_pianissimo_normal.mp3,,clarinet mono-224,89,C# minor,
clarinet_Cs6_05_piano_normal.mp3,,clarinet mono-460,83,A major,11B
clarinet_Cs6_15_forte_normal.mp3,,clarinet mono-698,104,A major,11B
clarinet_Cs6_15_fortissimo_normal.mp3,,clarinet mono-1065,107,A minor,8A
clarinet_Cs6_15_pianissimo_normal.mp3,,clarinet mono-226,104,C# minor,
clarinet_Cs6_15_piano_normal.mp3,,clarinet mono-462,94,C# minor,
clarinet_Cs6_025_forte_normal.mp3,,clarinet mono-695,89,D major,10B
clarinet_Cs6_025_fortissimo_normal.mp3,,clarinet mono-1062,107,A minor,8A
clarinet_Cs6_025_pianissimo_normal.mp3,,clarinet mono-223,119,A major,11B
clarinet_Cs6_025_piano_normal.mp3,,clarinet mono-459,117,A major,11B
clarinet_D3_1_forte_normal.mp3,,clarinet mono-541,101,D major,10B
clarinet_D3_1_fortissimo_normal.mp3,,clarinet mono-835,107,D major,10B
clarinet_D3_1_pianissimo_normal.mp3,,clarinet mono-080,106,D major,10B
clarinet_D3_1_piano_normal.mp3,,clarinet mono-317,136,D major,10B
clarinet_D3_05_forte_normal.mp3,,clarinet mono-540,153,D major,10B
clarinet_D3_05_fortissimo_normal.mp3,,clarinet mono-834,107,D major,10B
clarinet_D3_05_pianissimo_normal.mp3,,clarinet mono-078,104,D major,10B
clarinet_D3_05_piano_normal.mp3,,clarinet mono-316,104,D major,10B
clarinet_D3_15_forte_normal.mp3,,clarinet mono-542,107,D major,10B
clarinet_D3_15_fortissimo_normal.mp3,,clarinet mono-836,91,D major,10B
clarinet_D3_15_pianissimo_normal.mp3,,clarinet mono-081,101,D major,10B
clarinet_D3_15_piano_normal.mp3,,clarinet mono-318,94,D major,10B
clarinet_D3_025_forte_normal.mp3,,clarinet mono-539,90,D minor,7A
clarinet_D3_025_fortissimo_normal.mp3,,clarinet mono-833,117,D major,10B
clarinet_D3_025_pianissimo_normal.mp3,,clarinet mono-077,69,D minor,7A
clarinet_D3_025_piano_normal.mp3,,clarinet mono-315,135,D minor,7A
clarinet_D3_long_mezzo-forte_major-trill.mp3,,clarinet mono-1571,94,D major,10B
clarinet_D3_long_mezzo-forte_minor-trill.mp3,,clarinet mono-1570,101,G minor,6A
clarinet_D3_phrase_mezzo-forte_nonlegato.mp3,,clarinet mono-1302,85,E minor,9A
clarinet_D3_phrase_mezzo-forte_staccatissimo.mp3,,clarinet mono-1656,89,A minor,8A
clarinet_D3_phrase_mezzo-forte_staccato.mp3,,clarinet mono-1632,82,A major,11B
clarinet_D3_phrase_mezzo-forte_tongued-slur.mp3,,clarinet mono-1630,80,A minor,8A
clarinet_D3_very-long_cresc-decresc_normal.mp3,,clarinet mono-1355,89,D major,10B
clarinet_D3_very-long_piano_normal.mp3,,clarinet mono-1491,78,D major,10B
clarinet_D4_1_forte_normal.mp3,,clarinet mono-589,107,D minor,7A
clarinet_D4_1_fortissimo_normal.mp3,,clarinet mono-963,107,D major,10B
clarinet_D4_1_pianissimo_normal.mp3,,clarinet mono-129,104,D major,10B
clarinet_D4_1_piano_normal.mp3,,clarinet mono-366,94,D minor,7A
clarinet_D4_05_forte_normal.mp3,,clarinet mono-588,107,D major,10B
clarinet_D4_05_fortissimo_normal.mp3,,clarinet mono-962,99,D major,10B
clarinet_D4_05_pianissimo_normal.mp3,,clarinet mono-128,107,D minor,7A
clarinet_D4_05_piano_normal.mp3,,clarinet mono-365,107,D major,10B
clarinet_D4_15_forte_normal.mp3,,clarinet mono-590,91,D minor,7A
clarinet_D4_15_fortissimo_normal.mp3,,clarinet mono-964,107,D major,10B
clarinet_D4_15_pianissimo_normal.mp3,,clarinet mono-130,150,D minor,7A
clarinet_D4_15_piano_normal.mp3,,clarinet mono-367,107,D major,10B
clarinet_D4_025_forte_normal.mp3,,clarinet mono-587,129,D major,10B
clarinet_D4_025_fortissimo_normal.mp3,,clarinet mono-961,96,D minor,7A
clarinet_D4_025_pianissimo_normal.mp3,,clarinet mono-127,107,D major,10B
clarinet_D4_025_piano_normal.mp3,,clarinet mono-364,99,D minor,7A
clarinet_D4_long_mezzo-forte_major-trill.mp3,,clarinet mono-1579,85,D major,10B
clarinet_D4_long_mezzo-forte_minor-trill.mp3,,clarinet mono-1580,84,D minor,7A
clarinet_D4_phrase_mezzo-forte_fluttertonguing.mp3,,clarinet mono-1312,89,A minor,8A
clarinet_D4_phrase_mezzo-forte_nonlegato.mp3,,clarinet mono-1227,87,A major,11B
clarinet_D4_phrase_mezzo-forte_staccatissimo.mp3,,clarinet mono-1674,87,A minor,8A
clarinet_D4_phrase_mezzo-forte_staccato.mp3,,clarinet mono-1638,87,A major,11B
clarinet_D4_phrase_mezzo-forte_tongued-slur.mp3,,clarinet mono-1162,84,A major,11B
clarinet_D4_very-long_cresc-decresc_normal.mp3,,clarinet mono-1367,94,D major,10B
clarinet_D5_1_forte_normal.mp3,,clarinet mono-653,104,D minor,7A
clarinet_D5_1_fortissimo_normal.mp3,,clarinet mono-1007,104,C# minor,
clarinet_D5_1_pianissimo_normal.mp3,,clarinet mono-180,107,D minor,7A
clarinet_D5_1_piano_normal.mp3,,clarinet mono-415,96,D minor,7A
clarinet_D5_05_forte_normal.mp3,,clarinet mono-652,83,D minor,7A
clarinet_D5_05_fortissimo_normal.mp3,,clarinet mono-1006,107,C# major,
clarinet_D5_05_pianissimo_normal.mp3,,clarinet mono-179,139,D major,10B
clarinet_D5_05_piano_normal.mp3,,clarinet mono-414,144,D major,10B
clarinet_D5_15_forte_normal.mp3,,clarinet mono-654,99,D minor,7A
clarinet_D5_15_fortissimo_normal.mp3,,clarinet mono-1008,107,C# minor,
clarinet_D5_15_pianissimo_normal.mp3,,clarinet mono-181,91,D minor,7A
clarinet_D5_15_piano_normal.mp3,,clarinet mono-416,107,D minor,7A
clarinet_D5_025_forte_normal.mp3,,clarinet mono-651,83,D minor,7A
clarinet_D5_025_fortissimo_normal.mp3,,clarinet mono-1005,82,A major,11B
clarinet_D5_025_pianissimo_normal.mp3,,clarinet mono-178,101,D minor,7A
clarinet_D5_025_piano_normal.mp3,,clarinet mono-413,121,C major,8B
clarinet_D5_long_mezzo-forte_major-trill.mp3,,clarinet mono-1587,89,D major,10B
clarinet_D5_long_mezzo-forte_minor-trill.mp3,,clarinet mono-1588,101,D minor,7A
clarinet_D5_very-long_cresc-decresc_normal.mp3,,clarinet mono-1390,97,D minor,7A
clarinet_D5_very-long_piano_normal.mp3,,clarinet mono-1548,139,D minor,7A
clarinet_D6_1_forte_normal.mp3,,clarinet mono-701,142,D minor,7A
clarinet_D6_1_fortissimo_normal.mp3,,clarinet mono-1068,107,C# minor,
clarinet_D6_1_pianissimo_normal.mp3,,clarinet mono-294,99,D minor,7A
clarinet_D6_1_piano_normal.mp3,,clarinet mono-465,104,D major,10B
clarinet_D6_05_forte_normal.mp3,,clarinet mono-700,107,D minor,7A
clarinet_D6_05_fortissimo_normal.mp3,,clarinet mono-1067,107,A major,11B
clarinet_D6_05_pianissimo_normal.mp3,,clarinet mono-293,87,D major,10B
clarinet_D6_05_piano_normal.mp3,,clarinet mono-464,104,D minor,7A
clarinet_D6_15_forte_normal.mp3,,clarinet mono-702,99,D major,10B
clarinet_D6_15_fortissimo_normal.mp3,,clarinet mono-1069,104,A major,11B
clarinet_D6_15_pianissimo_normal.mp3,,clarinet mono-295,119,D major,10B
clarinet_D6_15_piano_normal.mp3,,clarinet mono-466,80,D major,10B
clarinet_D6_025_forte_normal.mp3,,clarinet mono-699,80,E♭ major,5B
clarinet_D6_025_fortissimo_normal.mp3,,clarinet mono-1066,96,A minor,8A
clarinet_D6_025_pianissimo_normal.mp3,,clarinet mono-292,134,D minor,7A
clarinet_D6_025_piano_normal.mp3,,clarinet mono-463,139,D minor,7A
clarinet_D6_long_mezzo-forte_major-trill.mp3,,clarinet mono-1596,107,D minor,7A
clarinet_D6_long_mezzo-forte_minor-trill.mp3,,clarinet mono-1595,107,D minor,7A
clarinet_Ds3_1_forte_normal.mp3,,clarinet mono-545,83,E♭ major,5B
clarinet_Ds3_1_fortissimo_normal.mp3,,clarinet mono-839,107,E♭ major,5B
clarinet_Ds3_1_pianissimo_normal.mp3,,clarinet mono-85,153,E♭ minor,2A
clarinet_Ds3_1_piano_normal.mp3,,clarinet mono-321,94,E♭ minor,2A
clarinet_Ds3_05_forte_normal.mp3,,clarinet mono-544,99,E♭ major,5B
clarinet_Ds3_05_fortissimo_normal.mp3,,clarinet mono-838,91,E♭ major,5B
clarinet_Ds3_05_pianissimo_normal.mp3,,clarinet mono-084,104,E♭ major,5B
clarinet_Ds3_05_piano_normal.mp3,,clarinet mono-320,107,E♭ major,5B
clarinet_Ds3_15_forte_normal.mp3,,clarinet mono-546,104,E♭ major,5B
clarinet_Ds3_15_fortissimo_normal.mp3,,clarinet mono-840,101,E♭ major,5B
clarinet_Ds3_15_pianissimo_normal.mp3,,clarinet mono-86,83,E♭ major,5B
clarinet_Ds3_15_piano_normal.mp3,,clarinet mono-322,104,E♭ major,5B
clarinet_Ds3_025_forte_normal.mp3,,clarinet mono-543,123,E♭ major,5B
clarinet_Ds3_025_fortissimo_normal.mp3,,clarinet mono-837,106,E♭ major,5B
clarinet_Ds3_025_pianissimo_normal.mp3,,clarinet mono-083,109,E♭ major,5B
clarinet_Ds3_025_piano_normal.mp3,,clarinet mono-319,83,E♭ major,5B
clarinet_Ds4_1_forte_normal.mp3,,clarinet mono-595,85,E♭ major,5B
clarinet_Ds4_1_fortissimo_normal.mp3,,clarinet mono-967,80,E♭ minor,2A
clarinet_Ds4_1_pianissimo_normal.mp3,,clarinet mono-133,150,E♭ major,5B
clarinet_Ds4_1_piano_normal.mp3,,clarinet mono-370,132,E♭ major,5B
clarinet_Ds4_05_forte_normal.mp3,,clarinet mono-594,107,E♭ minor,2A
clarinet_Ds4_05_fortissimo_normal.mp3,,clarinet mono-966,107,E♭ minor,2A
clarinet_Ds4_05_pianissimo_normal.mp3,,clarinet mono-132,82,E♭ major,5B
clarinet_Ds4_05_piano_normal.mp3,,clarinet mono-369,107,E♭ minor,2A
clarinet_Ds4_15_forte_normal.mp3,,clarinet mono-596,99,E♭ minor,2A
clarinet_Ds4_15_fortissimo_normal.mp3,,clarinet mono-968,82,E♭ minor,2A
clarinet_Ds4_15_pianissimo_normal.mp3,,clarinet mono-134,80,E♭ major,5B
clarinet_Ds4_15_piano_normal.mp3,,clarinet mono-371,107,E♭ major,5B
clarinet_Ds4_025_forte_normal.mp3,,clarinet mono-593,129,E♭ minor,2A
clarinet_Ds4_025_fortissimo_normal.mp3,,clarinet mono-965,78,E♭ minor,2A
clarinet_Ds4_025_pianissimo_normal.mp3,,clarinet mono-131,95,E♭ major,5B
clarinet_Ds4_025_piano_normal.mp3,,clarinet mono-368,125,E♭ minor,2A
clarinet_Ds5_1_forte_normal.mp3,,clarinet mono-657,104,E♭ minor,2A
clarinet_Ds5_1_fortissimo_normal.mp3,,clarinet mono-1011,104,D minor,7A
clarinet_Ds5_1_pianissimo_normal.mp3,,clarinet mono-185,147,F major,7B
clarinet_Ds5_1_piano_normal.mp3,,clarinet mono-421,104,E♭ minor,2A
clarinet_Ds5_05_forte_normal.mp3,,clarinet mono-656,107,E♭ major,5B
clarinet_Ds5_05_fortissimo_normal.mp3,,clarinet mono-1010,101,D minor,7A
clarinet_Ds5_05_pianissimo_normal.mp3,,clarinet mono-184,78,E♭ minor,2A
clarinet_Ds5_05_piano_normal.mp3,,clarinet mono-420,80,E♭ major,5B
clarinet_Ds5_15_forte_normal.mp3,,clarinet mono-658,96,A minor,8A
clarinet_Ds5_15_fortissimo_normal.mp3,,clarinet mono-1012,104,D minor,7A
clarinet_Ds5_15_pianissimo_normal.mp3,,clarinet mono-186,107,C# minor,
clarinet_Ds5_15_piano_normal.mp3,,clarinet mono-422,104,C# minor,
clarinet_Ds5_025_forte_normal.mp3,,clarinet mono-655,132,E♭ minor,2A
clarinet_Ds5_025_fortissimo_normal.mp3,,clarinet mono-1009,91,D major,10B
clarinet_Ds5_025_pianissimo_normal.mp3,,clarinet mono-183,107,E♭ major,5B
clarinet_Ds5_025_piano_normal.mp3,,clarinet mono-419,132,C minor,5A
clarinet_Ds6_1_forte_normal.mp3,,clarinet mono-705,87,A minor,8A
clarinet_Ds6_1_fortissimo_normal.mp3,,clarinet mono-1072,104,D minor,7A
clarinet_Ds6_1_pianissimo_normal.mp3,,clarinet mono-298,89,D minor,7A
clarinet_Ds6_1_piano_normal.mp3,,clarinet mono-470,104,A major,11B
clarinet_Ds6_05_forte_normal.mp3,,clarinet mono-704,101,F minor,4A
clarinet_Ds6_05_fortissimo_normal.mp3,,clarinet mono-1071,96,D minor,7A
clarinet_Ds6_05_pianissimo_normal.mp3,,clarinet mono-297,107,E♭ minor,2A
clarinet_Ds6_05_piano_normal.mp3,,clarinet mono-469,107,C# minor,
clarinet_Ds6_15_forte_normal.mp3,,clarinet mono-706,104,A major,11B
clarinet_Ds6_15_fortissimo_normal.mp3,,clarinet mono-1073,107,D minor,7A
clarinet_Ds6_15_pianissimo_normal.mp3,,clarinet mono-299,107,C# minor,
clarinet_Ds6_15_piano_normal.mp3,,clarinet mono-471,101,F major,7B
clarinet_Ds6_025_forte_normal.mp3,,clarinet mono-703,80,F major,7B
clarinet_Ds6_025_fortissimo_normal.mp3,,clarinet mono-1070,80,A minor,8A
clarinet_Ds6_025_pianissimo_normal.mp3,,clarinet mono-296,129,B♭ minor,3A
clarinet_Ds6_025_piano_normal.mp3,,clarinet mono-468,117,F minor,4A
clarinet_E3_1_forte_normal.mp3,,clarinet mono-549,107,E major,12B
clarinet_E3_1_fortissimo_normal.mp3,,clarinet mono-843,107,E major,12B
clarinet_E3_1_pianissimo_normal.mp3,,clarinet mono-89,109,E minor,9A
clarinet_E3_1_piano_normal.mp3,,clarinet mono-325,121,E minor,9A
clarinet_E3_05_forte_normal.mp3,,clarinet mono-548,107,E minor,9A
clarinet_E3_05_fortissimo_normal.mp3,,clarinet mono-842,107,E major,12B
clarinet_E3_05_pianissimo_normal.mp3,,clarinet mono-88,150,E major,12B
clarinet_E3_05_piano_normal.mp3,,clarinet mono-324,99,E major,12B
clarinet_E3_15_forte_normal.mp3,,clarinet mono-550,107,E major,12B
clarinet_E3_15_fortissimo_normal.mp3,,clarinet mono-844,96,E major,12B
clarinet_E3_15_pianissimo_normal.mp3,,clarinet mono-90,107,E major,12B
clarinet_E3_15_piano_normal.mp3,,clarinet mono-326,88,E major,12B
clarinet_E3_025_forte_normal.mp3,,clarinet mono-547,83,E major,12B
clarinet_E3_025_fortissimo_normal.mp3,,clarinet mono-841,119,E major,12B
clarinet_E3_025_pianissimo_normal.mp3,,clarinet mono-87,77,E minor,9A
clarinet_E3_025_piano_normal.mp3,,clarinet mono-323,77,E major,12B
clarinet_E3_phrase_mezzo-forte_fluttertonguing.mp3,,clarinet mono-1307,89,D minor,7A
clarinet_E4_1_forte_normal.mp3,,clarinet mono-599,80,A minor,8A
clarinet_E4_1_fortissimo_normal.mp3,,clarinet mono-971,107,E minor,9A
clarinet_E4_1_pianissimo_normal.mp3,,clarinet mono-137,104,E minor,9A
clarinet_E4_1_piano_normal.mp3,,clarinet mono-374,94,E minor,9A
clarinet_E4_05_forte_normal.mp3,,clarinet mono-598,107,E minor,9A
clarinet_E4_05_fortissimo_normal.mp3,,clarinet mono-970,99,A minor,8A
clarinet_E4_05_pianissimo_normal.mp3,,clarinet mono-136,83,E minor,9A
clarinet_E4_05_piano_normal.mp3,,clarinet mono-373,107,A major,11B
clarinet_E4_15_forte_normal.mp3,,clarinet mono-600,104,E minor,9A
clarinet_E4_15_fortissimo_normal.mp3,,clarinet mono-972,83,E minor,9A
clarinet_E4_15_pianissimo_normal.mp3,,clarinet mono-138,104,E minor,9A
clarinet_E4_15_piano_normal.mp3,,clarinet mono-375,94,A major,11B
clarinet_E4_025_forte_normal.mp3,,clarinet mono-597,147,E minor,9A
clarinet_E4_025_fortissimo_normal.mp3,,clarinet mono-969,80,A minor,8A
clarinet_E4_025_pianissimo_normal.mp3,,clarinet mono-135,97,E minor,9A
clarinet_E4_025_piano_normal.mp3,,clarinet mono-372,109,E minor,9A
clarinet_E4_phrase_mezzo-forte_fluttertonguing.mp3,,clarinet mono-1315,85,A minor,8A
clarinet_E4_phrase_mezzo-forte_nonlegato.mp3,,clarinet mono-1228,82,D minor,7A
clarinet_E4_phrase_mezzo-forte_staccatissimo.mp3,,clarinet mono-1702,91,A minor,8A
clarinet_E4_phrase_mezzo-forte_staccato.mp3,,clarinet mono-1640,87,A major,11B
clarinet_E4_phrase_mezzo-forte_tongued-slur.mp3,,clarinet mono-1164,113,D minor,7A
clarinet_E4_very-long_piano_normal.mp3,,clarinet mono-1510,139,A major,11B
clarinet_E5_1_forte_normal.mp3,,clarinet mono-661,80,A major,11B
clarinet_E5_1_fortissimo_normal.mp3,,clarinet mono-1015,89,E♭ major,5B
clarinet_E5_1_pianissimo_normal.mp3,,clarinet mono-189,150,C major,8B
clarinet_E5_1_piano_normal.mp3,,clarinet mono-425,107,A major,11B
clarinet_E5_05_forte_normal.mp3,,clarinet mono-660,89,E minor,9A
clarinet_E5_05_fortissimo_normal.mp3,,clarinet mono-1014,104,E♭ minor,2A
clarinet_E5_05_pianissimo_normal.mp3,,clarinet mono-188,80,A minor,8A
clarinet_E5_05_piano_normal.mp3,,clarinet mono-424,104,A major,11B
clarinet_E5_15_forte_normal.mp3,,clarinet mono-662,94,A major,11B
clarinet_E5_15_fortissimo_normal.mp3,,clarinet mono-1016,101,E♭ minor,2A
clarinet_E5_15_pianissimo_normal.mp3,,clarinet mono-190,107,A minor,8A
clarinet_E5_15_piano_normal.mp3,,clarinet mono-426,107,A major,11B
clarinet_E5_025_forte_normal.mp3,,clarinet mono-659,144,E minor,9A
clarinet_E5_025_fortissimo_normal.mp3,,clarinet mono-1013,144,E♭ minor,2A
clarinet_E5_025_pianissimo_normal.mp3,,clarinet mono-187,95,C# minor,
clarinet_E5_025_piano_normal.mp3,,clarinet mono-423,119,D major,10B
clarinet_E5_phrase_mezzo-forte_fluttertonguing.mp3,,clarinet mono-1323,88,E minor,9A
clarinet_E5_phrase_mezzo-forte_nonlegato.mp3,,clarinet mono-1231,87,A major,11B
clarinet_E5_phrase_mezzo-forte_staccatissimo.mp3,,clarinet mono-1682,90,D major,10B
clarinet_E5_phrase_mezzo-forte_staccato.mp3,,clarinet mono-1646,89,A major,11B
clarinet_E5_phrase_mezzo-forte_tongued-slur.mp3,,clarinet mono-1169,83,A major,11B
clarinet_E6_1_forte_normal.mp3,,clarinet mono-709,107,D minor,7A
clarinet_E6_1_fortissimo_normal.mp3,,clarinet mono-1076,99,E♭ minor,2A
clarinet_E6_1_pianissimo_normal.mp3,,clarinet mono-302,101,C# minor,
clarinet_E6_1_piano_normal.mp3,,clarinet mono-474,80,E minor,9A
clarinet_E6_05_forte_normal.mp3,,clarinet mono-708,82,A major,11B
clarinet_E6_05_fortissimo_normal.mp3,,clarinet mono-1075,107,E♭ minor,2A
clarinet_E6_05_pianissimo_normal.mp3,,clarinet mono-301,104,D major,10B
clarinet_E6_05_piano_normal.mp3,,clarinet mono-473,153,C# minor,
clarinet_E6_15_forte_normal.mp3,,clarinet mono-710,101,D major,10B
clarinet_E6_15_fortissimo_normal.mp3,,clarinet mono-1077,107,E♭ minor,2A
clarinet_E6_15_pianissimo_normal.mp3,,clarinet mono-303,129,D minor,7A
clarinet_E6_15_piano_normal.mp3,,clarinet mono-475,104,A minor,8A
clarinet_E6_025_forte_normal.mp3,,clarinet mono-707,153,A minor,8A
clarinet_E6_025_fortissimo_normal.mp3,,clarinet mono-1074,99,A minor,8A
clarinet_E6_025_pianissimo_normal.mp3,,clarinet mono-300,125,C major,8B
clarinet_E6_025_piano_normal.mp3,,clarinet mono-472,123,A minor,8A
clarinet_F3_1_forte_normal.mp3,,clarinet mono-553,101,F major,7B
clarinet_F3_1_fortissimo_normal.mp3,,clarinet mono-847,94,F major,7B
clarinet_F3_1_pianissimo_normal.mp3,,clarinet mono-93,144,F major,7B
clarinet_F3_1_piano_normal.mp3,,clarinet mono-329,150,F major,7B
clarinet_F3_05_forte_normal.mp3,,clarinet mono-552,94,F major,7B
clarinet_F3_05_fortissimo_normal.mp3,,clarinet mono-846,107,F major,7B
clarinet_F3_05_pianissimo_normal.mp3,,clarinet mono-92,147,F major,7B
clarinet_F3_05_piano_normal.mp3,,clarinet mono-328,107,F major,7B
clarinet_F3_15_forte_normal.mp3,,clarinet mono-554,107,F major,7B
clarinet_F3_15_fortissimo_normal.mp3,,clarinet mono-848,107,F major,7B
clarinet_F3_15_pianissimo_normal.mp3,,clarinet mono-94,96,F minor,4A
clarinet_F3_15_piano_normal.mp3,,clarinet mono-330,100,F major,7B
clarinet_F3_025_forte_normal.mp3,,clarinet mono-551,97,F major,7B
clarinet_F3_025_fortissimo_normal.mp3,,clarinet mono-845,115,F major,7B
clarinet_F3_025_pianissimo_normal.mp3,,clarinet mono-91,116,F major,7B
clarinet_F3_025_piano_normal.mp3,,clarinet mono-327,77,F major,7B
clarinet_F3_long_mezzo-forte_major-trill.mp3,,clarinet mono-1572,125,F major,7B
clarinet_F3_long_mezzo-forte_minor-trill.mp3,,clarinet mono-1573,85,B♭ minor,3A
clarinet_F3_very-long_cresc-decresc_normal.mp3,,clarinet mono-1360,94,F major,7B
clarinet_F4_1_forte_normal.mp3,,clarinet mono-603,104,F major,7B
clarinet_F4_1_fortissimo_normal.mp3,,clarinet mono-975,87,F major,7B
clarinet_F4_1_pianissimo_normal.mp3,,clarinet mono-142,150,F major,7B
clarinet_F4_1_piano_normal.mp3,,clarinet mono-379,94,F major,7B
clarinet_F4_05_forte_normal.mp3,,clarinet mono-602,87,F major,7B
clarinet_F4_05_fortissimo_normal.mp3,,clarinet mono-974,107,F major,7B
clarinet_F4_05_pianissimo_normal.mp3,,clarinet mono-141,82,F minor,4A
clarinet_F4_05_piano_normal.mp3,,clarinet mono-378,107,F major,7B
clarinet_F4_15_forte_normal.mp3,,clarinet mono-604,99,F major,7B
clarinet_F4_15_fortissimo_normal.mp3,,clarinet mono-976,91,F major,7B
clarinet_F4_15_pianissimo_normal.mp3,,clarinet mono-143,101,F major,7B
clarinet_F4_15_piano_normal.mp3,,clarinet mono-380,104,F major,7B
clarinet_F4_025_forte_normal.mp3,,clarinet mono-601,123,F major,7B
clarinet_F4_025_fortissimo_normal.mp3,,clarinet mono-973,80,F major,7B
clarinet_F4_025_pianissimo_normal.mp3,,clarinet mono-140,90,F minor,4A
clarinet_F4_025_piano_normal.mp3,,clarinet mono-377,97,F major,7B
clarinet_F4_long_mezzo-forte_major-trill.mp3,,clarinet mono-1581,90,F major,7B
clarinet_F4_long_mezzo-forte_minor-trill.mp3,,clarinet mono-1582,95,F# minor,
clarinet_F4_very-long_cresc-decresc_normal.mp3,,clarinet mono-1374,97,F major,7B
clarinet_F5_1_forte_normal.mp3,,clarinet mono-665,104,F major,7B
clarinet_F5_1_fortissimo_normal.mp3,,clarinet mono-1019,107,A minor,8A
clarinet_F5_1_pianissimo_normal.mp3,,clarinet mono-193,107,F major,7B
clarinet_F5_1_piano_normal.mp3,,clarinet mono-429,101,F major,7B
clarinet_F5_05_forte_normal.mp3,,clarinet mono-664,91,C# major,
clarinet_F5_05_fortissimo_normal.mp3,,clarinet mono-1018,94,A major,11B
clarinet_F5_05_pianissimo_normal.mp3,,clarinet mono-192,107,F major,7B
clarinet_F5_05_piano_normal.mp3,,clarinet mono-428,101,F major,7B
clarinet_F5_15_forte_normal.mp3,,clarinet mono-666,107,F major,7B
clarinet_F5_15_fortissimo_normal.mp3,,clarinet mono-1020,99,A major,11B
clarinet_F5_15_pianissimo_normal.mp3,,clarinet mono-194,107,F major,7B
clarinet_F5_15_piano_normal.mp3,,clarinet mono-430,104,F major,7B
clarinet_F5_025_forte_normal.mp3,,clarinet mono-663,153,F major,7B
clarinet_F5_025_fortissimo_normal.mp3,,clarinet mono-1017,94,A minor,8A
clarinet_F5_025_pianissimo_normal.mp3,,clarinet mono-191,106,G minor,6A
clarinet_F5_025_piano_normal.mp3,,clarinet mono-427,101,F major,7B
clarinet_F5_long_mezzo-forte_major-trill.mp3,,clarinet mono-1590,80,F major,7B
clarinet_F5_long_mezzo-forte_minor-trill.mp3,,clarinet mono-1589,82,F# minor,
clarinet_F5_phrase_mezzo-forte_fluttertonguing.mp3,,clarinet mono-1327,123,F major,7B
clarinet_F5_phrase_mezzo-forte_nonlegato.mp3,,clarinet mono-1246,82,A minor,8A
clarinet_F5_phrase_mezzo-forte_staccatissimo.mp3,,clarinet mono-1688,88,A minor,8A
clarinet_F5_phrase_mezzo-forte_staccato.mp3,,clarinet mono-1650,90,F major,7B
clarinet_F5_phrase_mezzo-forte_tongued-slur.mp3,,clarinet mono-1171,82,D minor,7A
clarinet_F5_very-long_cresc-decresc_normal.mp3,,clarinet mono-1392,94,F major,7B
clarinet_F6_1_forte_normal.mp3,,clarinet mono-713,107,A minor,8A
clarinet_F6_1_fortissimo_normal.mp3,,clarinet mono-1080,107,A major,11B
clarinet_F6_1_pianissimo_normal.mp3,,clarinet mono-306,83,A minor,8A
clarinet_F6_1_piano_normal.mp3,,clarinet mono-478,78,C# major,
clarinet_F6_05_forte_normal.mp3,,clarinet mono-712,91,D minor,7A
clarinet_F6_05_fortissimo_normal.mp3,,clarinet mono-1079,94,E minor,9A
clarinet_F6_05_pianissimo_normal.mp3,,clarinet mono-305,82,F major,7B
clarinet_F6_05_piano_normal.mp3,,clarinet mono-477,78,D minor,7A
clarinet_F6_15_forte_normal.mp3,,clarinet mono-714,94,D minor,7A
clarinet_F6_15_fortissimo_normal.mp3,,clarinet mono-1081,89,A minor,8A
clarinet_F6_15_pianissimo_normal.mp3,,clarinet mono-307,99,C# major,
clarinet_F6_15_piano_normal.mp3,,clarinet mono-479,103,F major,7B
clarinet_F6_025_forte_normal.mp3,,clarinet mono-711,82,A minor,8A
clarinet_F6_025_fortissimo_normal.mp3,,clarinet mono-1078,96,A minor,8A
clarinet_F6_025_pianissimo_normal.mp3,,clarinet mono-304,139,A minor,8A
clarinet_F6_025_piano_normal.mp3,,clarinet mono-476,139,D major,10B
clarinet_F6_long_mezzo-forte_major-trill.mp3,,clarinet mono-1597,85,A minor,8A
clarinet_F6_long_mezzo-forte_minor-trill.mp3,,clarinet mono-1598,82,A major,11B
clarinet_F6_very-long_cresc-decresc_normal.mp3,,clarinet mono-1405,106,D minor,7A
clarinet_F6_very-long_piano_normal.mp3,,clarinet mono-1552,94,A minor,8A
clarinet_Fs3_1_forte_normal.mp3,,clarinet mono-557,83,F# major,
clarinet_Fs3_1_fortissimo_normal.mp3,,clarinet mono-851,94,F# minor,
clarinet_Fs3_1_pianissimo_normal.mp3,,clarinet mono-97,123,F# major,
clarinet_Fs3_1_piano_normal.mp3,,clarinet mono-333,89,F# minor,
clarinet_Fs3_05_forte_normal.mp3,,clarinet mono-556,89,F# major,
clarinet_Fs3_05_fortissimo_normal.mp3,,clarinet mono-850,107,F# minor,
clarinet_Fs3_05_pianissimo_normal.mp3,,clarinet mono-96,107,B minor,10A
clarinet_Fs3_05_piano_normal.mp3,,clarinet mono-332,104,F# minor,
clarinet_Fs3_15_forte_normal.mp3,,clarinet mono-558,99,F# major,
clarinet_Fs3_15_fortissimo_normal.mp3,,clarinet mono-852,87,F# major,
clarinet_Fs3_15_pianissimo_normal.mp3,,clarinet mono-98,127,F# major,
clarinet_Fs3_15_piano_normal.mp3,,clarinet mono-334,123,F# minor,
clarinet_Fs3_025_forte_normal.mp3,,clarinet mono-555,114,F# minor,
clarinet_Fs3_025_fortissimo_normal.mp3,,clarinet mono-849,125,F# minor,
clarinet_Fs3_025_pianissimo_normal.mp3,,clarinet mono-95,73,F major,7B
clarinet_Fs3_025_piano_normal.mp3,,clarinet mono-331,93,F# minor,
clarinet_Fs4_1_forte_normal.mp3,,clarinet mono-607,129,F# minor,
clarinet_Fs4_1_fortissimo_normal.mp3,,clarinet mono-979,107,F# minor,
clarinet_Fs4_1_pianissimo_normal.mp3,,clarinet mono-148,132,D major,10B
clarinet_Fs4_1_piano_normal.mp3,,clarinet mono-383,107,F# minor,
clarinet_Fs4_05_forte_normal.mp3,,clarinet mono-606,99,D major,10B
clarinet_Fs4_05_fortissimo_normal.mp3,,clarinet mono-978,104,F# minor,
clarinet_Fs4_05_pianissimo_normal.mp3,,clarinet mono-147,107,F# minor,
clarinet_Fs4_05_piano_normal.mp3,,clarinet mono-382,107,F# major,
clarinet_Fs4_15_forte_normal.mp3,,clarinet mono-608,107,F# minor,
clarinet_Fs4_15_fortissimo_normal.mp3,,clarinet mono-980,107,F# minor,
clarinet_Fs4_15_pianissimo_normal.mp3,,clarinet mono-149,78,F# minor,
clarinet_Fs4_15_piano_normal.mp3,,clarinet mono-384,94,D major,10B
clarinet_Fs4_025_forte_normal.mp3,,clarinet mono-605,121,F# minor,
clarinet_Fs4_025_fortissimo_normal.mp3,,clarinet mono-977,144,F# minor,
clarinet_Fs4_025_pianissimo_normal.mp3,,clarinet mono-146,94,F# minor,
clarinet_Fs4_025_piano_normal.mp3,,clarinet mono-381,115,F# minor,
clarinet_Fs5_1_forte_normal.mp3,,clarinet mono-669,82,F# minor,
clarinet_Fs5_1_fortissimo_normal.mp3,,clarinet mono-1023,101,F major,7B
clarinet_Fs5_1_pianissimo_normal.mp3,,clarinet mono-197,107,F# minor,
clarinet_Fs5_1_piano_normal.mp3,,clarinet mono-433,107,F# minor,
clarinet_Fs5_05_forte_normal.mp3,,clarinet mono-668,87,F# minor,
clarinet_Fs5_05_fortissimo_normal.mp3,,clarinet mono-1022,89,F major,7B
clarinet_Fs5_05_pianissimo_normal.mp3,,clarinet mono-196,104,F# major,
clarinet_Fs5_05_piano_normal.mp3,,clarinet mono-432,87,B minor,10A
clarinet_Fs5_15_forte_normal.mp3,,clarinet mono-670,104,F# minor,
clarinet_Fs5_15_fortissimo_normal.mp3,,clarinet mono-1024,99,F major,7B
clarinet_Fs5_15_pianissimo_normal.mp3,,clarinet mono-198,96,F# minor,
clarinet_Fs5_15_piano_normal.mp3,,clarinet mono-434,104,F# minor,
clarinet_Fs5_025_forte_normal.mp3,,clarinet mono-667,153,B minor,10A
clarinet_Fs5_025_fortissimo_normal.mp3,,clarinet mono-1021,94,A minor,8A
clarinet_Fs5_025_pianissimo_normal.mp3,,clarinet mono-195,106,B major,1B
clarinet_Fs5_025_piano_normal.mp3,,clarinet mono-431,85,D major,10B
clarinet_Fs6_1_forte_normal.mp3,,clarinet mono-717,107,A minor,8A
clarinet_Fs6_1_fortissimo_normal.mp3,,clarinet mono-1084,107,F minor,4A
clarinet_Fs6_1_pianissimo_normal.mp3,,clarinet mono-246,101,C minor,5A
clarinet_Fs6_1_piano_normal.mp3,,clarinet mono-482,104,D major,10B
clarinet_Fs6_05_forte_normal.mp3,,clarinet mono-716,83,A minor,8A
clarinet_Fs6_05_fortissimo_normal.mp3,,clarinet mono-1083,136,A minor,8A
clarinet_Fs6_05_pianissimo_normal.mp3,,clarinet mono-245,94,A major,11B
clarinet_Fs6_05_piano_normal.mp3,,clarinet mono-481,104,B minor,10A
clarinet_Fs6_15_forte_normal.mp3,,clarinet mono-718,96,D major,10B
clarinet_Fs6_15_fortissimo_normal.mp3,,clarinet mono-1085,96,F major,7B
clarinet_Fs6_15_pianissimo_normal.mp3,,clarinet mono-247,89,D major,10B
clarinet_Fs6_15_piano_normal.mp3,,clarinet mono-483,107,D major,10B
clarinet_Fs6_025_forte_normal.mp3,,clarinet mono-715,96,A major,11B
clarinet_Fs6_025_fortissimo_normal.mp3,,clarinet mono-1082,96,B♭ major,6B
clarinet_Fs6_025_pianissimo_normal.mp3,,clarinet mono-244,80,F# minor,
clarinet_Fs6_025_piano_normal.mp3,,clarinet mono-480,80,F# minor,
clarinet_G3_1_forte_normal.mp3,,clarinet mono-561,101,G major,9B
clarinet_G3_1_fortissimo_normal.mp3,,clarinet mono-855,101,G major,9B
clarinet_G3_1_pianissimo_normal.mp3,,Audio 1_06,84,D major,10B
clarinet_G3_1_piano_normal.mp3,,clarinet mono-337,94,G minor,6A
clarinet_G3_05_forte_normal.mp3,,clarinet mono-560,101,G minor,6A
clarinet_G3_05_fortissimo_normal.mp3,,clarinet mono-854,82,G major,9B
clarinet_G3_05_pianissimo_normal.mp3,,clarinet mono-100,142,D minor,7A
clarinet_G3_05_piano_normal.mp3,,clarinet mono-336,107,D minor,7A
clarinet_G3_15_forte_normal.mp3,,clarinet mono-562,96,G major,9B
clarinet_G3_15_fortissimo_normal.mp3,,clarinet mono-856,107,G major,9B
clarinet_G3_15_pianissimo_normal.mp3,,clarinet mono-102,107,G major,9B
clarinet_G3_15_piano_normal.mp3,,clarinet mono-338,104,G major,9B
clarinet_G3_025_forte_normal.mp3,,clarinet mono-559,106,G minor,6A
clarinet_G3_025_fortissimo_normal.mp3,,clarinet mono-853,136,G minor,6A
clarinet_G3_025_pianissimo_normal.mp3,,clarinet mono-99,96,G major,9B
clarinet_G3_025_piano_normal.mp3,,clarinet mono-335,85,G minor,6A
clarinet_G3_phrase_mezzo-forte_fluttertonguing.mp3,,clarinet mono-1304,87,A minor,8A
clarinet_G3_phrase_mezzo-forte_nonlegato.mp3,,clarinet mono-1631,84,D major,10B
clarinet_G3_phrase_mezzo-forte_staccatissimo.mp3,,clarinet mono-1670,85,D major,10B
clarinet_G3_phrase_mezzo-forte_staccato.mp3,,clarinet mono-1634,84,A major,11B
clarinet_G3_phrase_mezzo-forte_tongued-slur.mp3,,clarinet mono-1629,81,D major,10B
clarinet_G4_1_forte_normal.mp3,,clarinet mono-611,85,G major,9B
clarinet_G4_1_fortissimo_normal.mp3,,clarinet mono-983,147,G major,9B
clarinet_G4_1_pianissimo_normal.mp3,,clarinet mono-152,127,G minor,6A
clarinet_G4_1_piano_normal.mp3,,clarinet mono-387,107,G major,9B
clarinet_G4_05_forte_normal.mp3,,clarinet mono-610,87,G major,9B
clarinet_G4_05_fortissimo_normal.mp3,,clarinet mono-982,82,G minor,6A
clarinet_G4_05_pianissimo_normal.mp3,,clarinet mono-151,104,G minor,6A
clarinet_G4_05_piano_normal.mp3,,clarinet mono-386,153,D minor,7A
clarinet_G4_15_forte_normal.mp3,,clarinet mono-612,107,G major,9B
clarinet_G4_15_fortissimo_normal.mp3,,clarinet mono-984,83,G minor,6A
clarinet_G4_15_pianissimo_normal.mp3,,clarinet mono-153,106,G minor,6A
clarinet_G4_15_piano_normal.mp3,,clarinet mono-388,96,D minor,7A
clarinet_G4_025_forte_normal.mp3,,clarinet mono-609,110,G minor,6A
clarinet_G4_025_fortissimo_normal.mp3,,clarinet mono-981,150,G major,9B
clarinet_G4_025_pianissimo_normal.mp3,,clarinet mono-150,68,G minor,6A
clarinet_G4_025_piano_normal.mp3,,clarinet mono-385,114,D major,10B
clarinet_G5_1_forte_normal.mp3,,clarinet mono-673,107,G major,9B
clarinet_G5_1_fortissimo_normal.mp3,,clarinet mono-1027,101,F# minor,
clarinet_G5_1_pianissimo_normal.mp3,,clarinet mono-201,78,G major,9B
clarinet_G5_1_piano_normal.mp3,,clarinet mono-437,104,C major,8B
clarinet_G5_05_forte_normal.mp3,,clarinet mono-672,101,G major,9B
clarinet_G5_05_fortissimo_normal.mp3,,clarinet mono-1026,107,F# minor,
clarinet_G5_05_pianissimo_normal.mp3,,clarinet mono-200,89,D major,10B
clarinet_G5_05_piano_normal.mp3,,clarinet mono-436,82,G minor,6A
clarinet_G5_15_forte_normal.mp3,,clarinet mono-674,104,G minor,6A
clarinet_G5_15_fortissimo_normal.mp3,,clarinet mono-1028,101,F# minor,
clarinet_G5_15_pianissimo_normal.mp3,,clarinet mono-202,104,C major,8B
clarinet_G5_15_piano_normal.mp3,,clarinet mono-438,107,G minor,6A
clarinet_G5_025_forte_normal.mp3,,clarinet mono-671,85,G major,9B
clarinet_G5_025_fortissimo_normal.mp3,,clarinet mono-1025,83,D major,10B
clarinet_G5_025_pianissimo_normal.mp3,,clarinet mono-199,136,C minor,5A
clarinet_G5_025_piano_normal.mp3,,clarinet mono-435,132,G minor,6A
clarinet_G6_1_forte_normal.mp3,,clarinet mono-721,83,D minor,7A
clarinet_G6_1_fortissimo_normal.mp3,,clarinet mono-1088,144,D major,10B
clarinet_G6_1_pianissimo_normal.mp3,,clarinet mono-250,78,C minor,5A
clarinet_G6_1_piano_normal.mp3,,clarinet mono-486,101,A major,11B
clarinet_G6_05_forte_normal.mp3,,clarinet mono-720,94,C# minor,
clarinet_G6_05_fortissimo_normal.mp3,,clarinet mono-1087,142,B major,1B
clarinet_G6_05_pianissimo_normal.mp3,,clarinet mono-249,85,D minor,7A
clarinet_G6_05_piano_normal.mp3,,clarinet mono-485,83,A minor,8A
clarinet_G6_15_forte_normal.mp3,,clarinet mono-722,99,A major,11B
clarinet_G6_15_fortissimo_normal.mp3,,clarinet mono-1089,107,A major,11B
clarinet_G6_15_pianissimo_normal.mp3,,clarinet mono-251,107,A major,11B
clarinet_G6_15_piano_normal.mp3,,clarinet mono-487,106,C major,8B
clarinet_G6_025_forte_normal.mp3,,clarinet mono-719,82,A minor,8A
clarinet_G6_025_fortissimo_normal.mp3,,clarinet mono-1086,96,A major,11B
clarinet_G6_025_pianissimo_normal.mp3,,clarinet mono-248,123,A minor,8A
clarinet_G6_025_piano_normal.mp3,,clarinet mono-484,125,C# minor,
clarinet_Gs3_1_forte_normal.mp3,,clarinet mono-565,104,A♭ major,4B
clarinet_Gs3_1_fortissimo_normal.mp3,,clarinet mono-859,104,A♭ major,4B
clarinet_Gs3_1_pianissimo_normal.mp3,,clarinet mono-105,107,C# major,
clarinet_Gs3_1_piano_normal.mp3,,clarinet mono-341,96,A♭ minor,1A
clarinet_Gs3_05_forte_normal.mp3,,clarinet mono-564,107,A♭ major,4B
clarinet_Gs3_05_fortissimo_normal.mp3,,clarinet mono-858,107,A♭ major,4B
clarinet_Gs3_05_pianissimo_normal.mp3,,clarinet mono-104,107,A♭ minor,1A
clarinet_Gs3_05_piano_normal.mp3,,clarinet mono-340,104,A♭ major,4B
clarinet_Gs3_15_forte_normal.mp3,,clarinet mono-566,107,A♭ major,4B
clarinet_Gs3_15_fortissimo_normal.mp3,,clarinet mono-860,107,A♭ major,4B
clarinet_Gs3_15_pianissimo_normal.mp3,,clarinet mono-106,153,A♭ major,4B
clarinet_Gs3_15_piano_normal.mp3,,clarinet mono-342,80,A♭ major,4B
clarinet_Gs3_025_forte_normal.mp3,,clarinet mono-563,127,A♭ major,4B
clarinet_Gs3_025_fortissimo_normal.mp3,,clarinet mono-857,107,A♭ major,4B
clarinet_Gs3_025_pianissimo_normal.mp3,,clarinet mono-103,96,C# minor,
clarinet_Gs3_025_piano_normal.mp3,,clarinet mono-339,107,A♭ minor,1A
clarinet_Gs3_long_mezzo-forte_major-trill.mp3,,clarinet mono-1574,119,B♭ minor,3A
clarinet_Gs3_long_mezzo-forte_minor-trill.mp3,,clarinet mono-1575,89,C# minor,
clarinet_Gs3_very-long_cresc-decresc_normal.mp3,,clarinet mono-1362,91,A♭ major,4B
clarinet_Gs3_very-long_piano_normal.mp3,,clarinet mono-1546,150,A♭ major,4B
clarinet_Gs4_1_forte_normal.mp3,,clarinet mono-615,101,A♭ major,4B
clarinet_Gs4_1_fortissimo_normal.mp3,,clarinet mono-987,150,A major,11B
clarinet_Gs4_1_pianissimo_normal.mp3,,clarinet mono-156,99,C# minor,
clarinet_Gs4_1_piano_normal.mp3,,clarinet mono-391,107,C# minor,
clarinet_Gs4_05_forte_normal.mp3,,clarinet mono-614,104,C# minor,
clarinet_Gs4_05_fortissimo_normal.mp3,,clarinet mono-986,101,A♭ major,4B
clarinet_Gs4_05_pianissimo_normal.mp3,,clarinet mono-155,82,C# minor,
clarinet_Gs4_05_piano_normal.mp3,,clarinet mono-390,78,A♭ major,4B
clarinet_Gs4_15_forte_normal.mp3,,clarinet mono-616,101,A♭ major,4B
clarinet_Gs4_15_fortissimo_normal.mp3,,clarinet mono-988,107,A♭ minor,1A
clarinet_Gs4_15_pianissimo_normal.mp3,,clarinet mono-157,91,A♭ major,4B
clarinet_Gs4_15_piano_normal.mp3,,clarinet mono-392,107,A♭ major,4B
clarinet_Gs4_025_forte_normal.mp3,,clarinet mono-613,132,A♭ minor,1A
clarinet_Gs4_025_fortissimo_normal.mp3,,clarinet mono-985,144,A minor,8A
clarinet_Gs4_025_pianissimo_normal.mp3,,clarinet mono-154,89,C# minor,
clarinet_Gs4_025_piano_normal.mp3,,clarinet mono-389,104,C# minor,
clarinet_Gs4_long_mezzo-forte_major-trill.mp3,,clarinet mono-1583,100,A minor,8A
clarinet_Gs4_very-long_cresc-decresc_normal.mp3,,clarinet mono-1382,107,A♭ major,4B
clarinet_Gs5_1_forte_normal.mp3,,clarinet mono-677,107,A major,11B
clarinet_Gs5_1_fortissimo_normal.mp3,,clarinet mono-1031,104,G major,9B
clarinet_Gs5_1_pianissimo_normal.mp3,,clarinet mono-205,91,D minor,7A
clarinet_Gs5_1_piano_normal.mp3,,clarinet mono-441,78,C# minor,
clarinet_Gs5_05_forte_normal.mp3,,clarinet mono-676,99,C# minor,
clarinet_Gs5_05_fortissimo_normal.mp3,,clarinet mono-1030,94,G major,9B
clarinet_Gs5_05_pianissimo_normal.mp3,,clarinet mono-204,85,C# minor,
clarinet_Gs5_05_piano_normal.mp3,,clarinet mono-440,107,C# minor,
clarinet_Gs5_15_forte_normal.mp3,,clarinet mono-678,104,C# minor,
clarinet_Gs5_15_fortissimo_normal.mp3,,clarinet mono-1032,107,G minor,6A
clarinet_Gs5_15_pianissimo_normal.mp3,,clarinet mono-206,100,D major,10B
clarinet_Gs5_15_piano_normal.mp3,,clarinet mono-442,104,A major,11B
clarinet_Gs5_025_forte_normal.mp3,,clarinet mono-675,96,A minor,8A
clarinet_Gs5_025_fortissimo_normal.mp3,,clarinet mono-1029,96,G minor,6A
clarinet_Gs5_025_pianissimo_normal.mp3,,clarinet mono-203,142,A major,11B
clarinet_Gs5_025_piano_normal.mp3,,clarinet mono-439,139,F# minor,
clarinet_Gs5_long_mezzo-forte_major-trill.mp3,,clarinet mono-1592,117,A major,11B
clarinet_Gs5_long_mezzo-forte_minor-trill.mp3,,clarinet mono-1591,117,A minor,8A
clarinet_Gs5_very-long_cresc-decresc_normal.mp3,,clarinet mono-1396,72,A major,11B
clarinet_Gs6_1_forte_normal.mp3,,clarinet mono-725,104,F major,7B
clarinet_Gs6_1_fortissimo_normal.mp3,,clarinet mono-1092,107,A minor,8A
clarinet_Gs6_1_pianissimo_normal.mp3,,clarinet mono-262,107,D minor,7A
clarinet_Gs6_1_piano_normal.mp3,,clarinet mono-490,104,A major,11B
clarinet_Gs6_05_forte_normal.mp3,,clarinet mono-724,78,A minor,8A
clarinet_Gs6_05_fortissimo_normal.mp3,,clarinet mono-1091,142,A minor,8A
clarinet_Gs6_05_pianissimo_normal.mp3,,clarinet mono-261,91,A major,11B
clarinet_Gs6_05_piano_normal.mp3,,clarinet mono-489,82,A major,11B
clarinet_Gs6_15_forte_normal.mp3,,clarinet mono-726,142,A minor,8A
clarinet_Gs6_15_fortissimo_normal.mp3,,clarinet mono-1093,107,A minor,8A
clarinet_Gs6_15_pianissimo_normal.mp3,,clarinet mono-263,80,A major,11B
clarinet_Gs6_15_piano_normal.mp3,,clarinet mono-491,104,A major,11B
clarinet_Gs6_025_forte_normal.mp3,,clarinet mono-723,153,A minor,8A
clarinet_Gs6_025_fortissimo_normal.mp3,,clarinet mono-1090,99,A minor,8A
clarinet_Gs6_025_pianissimo_normal.mp3,,clarinet mono-260,136,C# minor,
clarinet_Gs6_025_piano_normal.mp3,,clarinet mono-488,125,D minor,7A